"Sample","F02","","F10","","F17","","F82","","F87","","F90","","F105",""
"1A1","170","175","218","218","284","344","130","138","146","149","141","141","144","144"
"1A2","160","175","218","218","284","344","130","138","142","146","141","141","144","144"
"1A3","160","160","218","218","299","324","0","0","142","149","141","141","144","144"
"1A4","160","170","218","218","0","0","0","0","0","0","0","0","0","0"
"1A5","160","170","218","223","340","344","132","138","146","149","141","141","144","144"
"1A6","170","170","218","218","284","359","132","143","142","149","141","141","144","144"
"1A7","160","170","214","218","295","299","132","132","126","144","141","141","135","142"
"1A8","160","175","218","218","0","0","0","0","142","142","141","141","144","144"
"1A9","170","170","205","223","0","0","138","138","153","155","141","141","144","144"
"1B1","160","170","210","240","324","386","136","138","153","155","141","141","144","144"
"1B2","170","170","205","218","351","355","143","143","146","155","141","141","142","144"
"1B3","160","170","205","227","324","390","136","138","139","146","141","141","144","149"
"1B4","160","170","218","240","351","355","138","143","144","149","139","141","144","149"
"1B5","170","170","0","0","0","0","0","0","0","0","141","141","144","144"
"1B6","160","175","240","291","291","295","138","143","133","139","141","141","144","144"
"1B7","160","170","218","223","299","359","130","141","142","153","141","141","135","144"
"1B8","160","170","214","218","299","340","132","141","144","146","141","141","144","147"
"1B9","160","175","283","291","344","378","132","141","146","146","141","141","144","144"
"1C1","160","175","218","291","336","340","132","141","144","153","139","139","142","144"
"1C2","160","160","218","231","295","370","138","141","139","153","141","141","135","144"
"1C3","160","170","218","223","344","382","138","141","146","149","139","141","142","142"
"1C4","160","170","283","291","351","359","132","138","142","146","141","141","144","144"
"1C5","160","175","214","214","299","344","130","132","139","146","139","141","144","147"
"1C6","160","170","218","218","295","359","127","132","0","0","139","141","144","144"
"1C7","160","160","218","223","0","0","132","132","137","146","141","141","135","147"
"1C8","160","175","218","291","359","378","136","138","144","146","141","141","144","144"
"1C9","170","170","218","291","299","336","132","141","133","142","141","141","144","144"
"1D1","170","170","218","223","299","348","127","127","146","146","141","141","144","144"
"1D2","160","160","214","218","355","367","130","132","142","146","141","141","142","144"
"1D3","160","160","240","291","328","359","130","132","133","146","141","141","141","144"
"1D4","170","170","214","218","287","340","127","138","126","142","141","141","142","144"
"1D5","160","170","291","291","299","336","130","141","126","139","141","141","144","144"
"1D6","160","170","214","218","359","386","132","141","142","146","139","141","144","144"
"1D7","160","170","218","218","378","382","132","138","144","146","141","141","144","144"
"1D8","158","160","205","205","328","340","138","138","144","149","141","141","144","149"
"1D9","160","160","205","205","328","332","138","138","149","155","139","139","142","144"
"1E1","160","170","205","205","336","390","138","138","144","155","141","141","142","144"
"1E2","160","160","205","205","320","332","136","138","144","155","141","141","142","144"
"1E3","160","160","0","0","328","348","138","138","149","155","139","139","142","144"
"1E4","160","170","0","0","328","382","138","138","144","155","141","141","142","144"
"1E5","160","170","0","0","378","390","0","0","153","155","139","141","144","149"
"1E6","170","170","0","0","324","390","138","138","144","153","139","141","142","144"
"1E7","160","160","0","0","320","324","138","138","144","155","141","141","144","149"
"1E8","0","0","0","0","332","390","138","138","144","149","141","141","144","149"
"1E9","160","170","0","0","311","382","138","143","144","149","139","141","149","149"
"1F1","160","160","0","0","316","390","138","138","149","155","141","141","144","149"
"1F2","160","170","0","0","340","390","138","138","149","155","139","141","142","149"
"1F3","160","170","0","0","332","390","138","138","144","153","139","141","144","144"
"1F4","170","170","0","0","382","390","138","138","144","149","141","141","144","149"
"1F5","160","160","0","0","324","328","138","138","144","155","141","141","144","149"
"1F6","160","170","0","0","382","390","138","138","144","149","141","141","144","144"
"1F7","160","160","0","0","320","332","138","138","144","149","141","141","144","144"
"1F8","0","0","0","0","332","390","138","143","149","155","139","141","142","144"
"1F9","0","0","0","0","316","390","138","138","144","155","139","141","144","144"
"DCRN1","168","168","205","223","324","336","130","130","120","146","145","150","144","144"
"DCRN10","168","168","205","223","367","386","130","130","139","146","145","153","144","144"
"DCRN11","175","177","218","223","336","359","134","141","120","146","145","145","144","144"
"DCRN12","175","177","205","223","344","348","127","134","139","146","145","145","144","144"
"DCRN13","177","177","218","218","295","340","130","141","144","149","145","150","144","144"
"DCRN14","177","177","205","227","348","374","127","130","139","144","145","145","144","144"
"DCRN15","177","177","223","227","311","320","130","134","120","146","145","150","144","144"
"DCRN16","160","168","205","223","320","340","127","134","120","149","150","153","144","144"
"DCRN2","177","177","223","223","344","367","130","134","146","149","145","150","144","144"
"DCRN3","177","177","223","227","355","374","127","134","139","146","145","150","144","144"
"DCRN4","160","177","205","223","311","336","127","134","120","144","145","153","144","144"
"DCRN5","175","177","218","223","367","370","127","134","146","149","145","153","144","144"
"DCRN6","160","177","223","231","324","348","134","141","139","146","145","145","144","144"
"DCRN7","168","177","227","227","316","320","127","127","120","144","145","153","144","144"
"DCRN8","175","177","205","218","320","340","127","141","144","146","141","145","144","144"
"DCRN9","168","168","218","223","370","374","127","134","146","149","145","145","144","144"
"FSMC1","160","173","275","275","237","249","0","0","137","142","141","141","128","128"
"FSMC10","160","160","214","279","224","228","132","143","139","153","143","153","128","128"
"FSMC11","160","160","231","279","228","268","132","132","164","166","143","143","128","128"
"FSMC12","160","167","275","279","249","351","102","145","139","162","141","141","128","128"
"FSMC13","165","165","275","279","340","367","132","145","139","153","143","143","128","151"
"FSMC14","160","165","231","275","336","340","132","145","157","166","141","141","128","128"
"FSMC15","160","165","279","279","220","324","132","145","139","153","141","143","128","128"
"FSMC16","160","160","227","275","351","359","102","132","139","160","141","141","128","128"
"FSMC17","167","173","248","279","241","363","132","145","142","160","141","153","128","128"
"FSMC18","160","160","252","259","241","355","132","145","128","142","139","141","128","128"
"FSMC19","167","173","214","275","257","359","132","145","142","153","141","141","121","128"
"FSMC2","160","167","279","279","359","363","132","145","139","142","141","145","128","151"
"FSMC20","167","167","252","275","336","351","102","145","153","166","139","141","128","128"
"FSMC21","160","173","275","275","245","359","132","145","142","166","141","153","128","128"
"FSMC22","160","175","252","275","355","363","102","145","128","128","141","150","128","128"
"FSMC23","160","167","252","275","249","340","102","145","139","160","141","141","128","144"
"FSMC24","165","165","279","279","257","340","132","132","151","166","143","143","128","151"
"FSMC25","160","167","275","279","220","340","132","132","139","151","143","143","128","128"
"FSMC26","160","160","275","279","257","265","132","145","151","153","143","143","128","128"
"FSMC27","160","167","248","252","355","363","132","145","153","162","141","145","123","128"
"FSMC28","160","165","231","275","268","344","132","143","128","139","141","141","128","128"
"FSMC29","160","160","252","252","355","359","132","132","151","153","141","153","123","128"
"FSMC3","167","167","279","279","363","367","132","145","142","166","141","141","128","151"
"FSMC30","160","167","252","279","241","351","102","145","153","160","141","153","123","128"
"FSMC4","173","175","248","252","245","367","102","132","142","164","141","141","128","128"
"FSMC5","160","165","252","275","207","355","102","145","128","139","139","141","123","128"
"FSMC6","160","167","252","275","245","363","102","145","142","142","145","145","128","128"
"FSMC7","160","160","252","252","280","359","132","145","137","142","141","153","128","128"
"FSMC8","160","165","275","279","268","287","132","143","164","166","143","143","128","128"
"FSMC9","160","173","214","252","249","348","102","132","142","160","141","141","128","128"
"PT55","160","160","218","231","295","355","132","141","144","146","141","141","144","144"
"PT56","160","170","218","218","303","351","134","138","149","149","141","141","144","144"
"PT57","170","170","218","218","299","336","138","145","146","146","141","141","144","144"
"PT58","160","160","214","227","299","355","132","145","146","153","141","141","141","141"
"PT59","0","0","205","227","320","382","138","138","139","155","141","141","144","149"
"PT60","0","0","205","223","324","336","138","138","144","153","141","141","141","141"
"PT61","160","170","0","0","324","382","138","138","146","149","141","141","144","144"
"PT62","160","170","205","240","320","324","138","138","149","149","141","141","144","144"
"PT63","160","175","205","240","328","348","132","138","149","149","141","141","0","0"
"PT64","170","170","0","0","287","382","138","138","144","155","141","141","0","0"
"PT65","160","160","205","240","295","336","138","138","153","155","141","141","0","0"
"PT66","160","170","205","227","324","328","138","138","144","146","141","141","0","0"
"PT67","170","170","210","240","324","324","138","138","144","149","141","141","0","0"
"PT68","160","160","218","240","386","394","132","138","153","155","141","141","0","0"
"PT69","160","170","218","240","299","355","138","145","139","146","141","141","0","0"
"PT70","160","170","210","223","307","355","138","138","153","155","141","141","0","0"
"PT71","160","170","218","218","324","351","138","143","153","155","139","141","0","0"
"PT73","160","170","214","218","299","355","132","141","139","142","141","141","0","0"
"PT74","160","170","240","240","299","340","130","141","139","142","141","141","0","0"
"PT75","170","170","240","240","374","382","132","138","142","146","141","141","0","0"
"PT76","160","170","218","291","336","386","130","136","126","139","141","141","0","0"
"PT77","160","170","218","291","367","374","127","138","142","146","141","141","0","0"
"PT78","170","175","218","244","295","382","132","141","142","146","141","141","0","0"
"PT79","160","170","218","218","284","359","138","138","137","146","141","141","0","0"
"PT80","160","160","214","291","320","359","132","132","142","144","141","141","0","0"
"PT81","160","170","291","291","291","299","132","138","139","142","141","141","0","0"
"PT82","160","160","214","214","336","374","130","132","126","146","141","141","0","0"
"PT83","170","170","218","223","295","340","127","130","142","146","141","141","0","0"
"PT84","160","170","231","291","287","291","132","143","126","153","139","141","0","0"
"PT85","160","160","214","218","295","328","132","132","126","153","141","141","0","0"
"PT86","160","170","240","291","295","336","0","0","133","144","141","141","0","0"
"PT87","160","170","291","291","299","351","132","132","126","142","139","139","0","0"
"PT88","160","170","218","231","284","336","130","132","142","146","139","139","0","0"
"PT89","160","170","240","240","287","363","132","143","137","153","141","141","0","0"
"PT90","170","170","231","240","295","344","132","132","142","146","141","141","0","0"
"PT91","160","160","218","231","299","336","127","132","142","144","141","141","0","0"
"PT92","170","170","223","240","276","291","138","141","142","146","139","141","0","0"
"SLRIN5","160","162","223","223","299","299","132","132","146","157","141","145","140","144"
"SLRN1","154","162","244","248","257","370","132","132","149","153","141","145","141","144"
"SLRN10","160","160","0","0","0","0","132","138","0","0","145","145","140","144"
"SLRN11","154","160","214","248","303","324","132","143","144","151","145","145","141","144"
"SLRN12","162","167","218","218","287","316","132","134","149","149","145","145","144","147"
"SLRN13","160","162","214","235","257","268","132","138","139","144","145","145","144","144"
"SLRN14","160","167","223","231","336","382","132","132","151","160","141","145","138","138"
"SLRN15","154","162","223","244","232","265","134","143","144","149","145","145","144","144"
"SLRN16","160","162","218","218","272","336","132","138","151","160","145","145","144","144"
"SLRN17","160","167","235","244","265","316","125","132","146","151","145","145","138","144"
"SLRN18","160","167","205","214","257","287","132","132","137","139","141","145","142","144"
"SLRN2","162","162","210","240","268","291","132","132","144","151","141","145","144","144"
"SLRN3","160","162","205","214","291","320","132","138","139","149","145","145","141","144"
"SLRN4","165","167","214","248","280","295","132","134","149","151","145","145","144","147"
"SLRN6","156","162","218","244","287","316","132","132","149","149","141","141","144","144"
"SLRN7","162","162","205","218","295","303","132","138","149","160","141","145","144","144"
"SLRN8","160","167","218","231","237","272","132","132","137","142","145","148","144","147"
"SLRN9","154","160","205","218","216","237","132","134","139","142","141","145","144","147"
