"Sample","Marker","Allele"
"15","A01_Chip-05_540933.fsa","246","246"
"16","A01_Chip-05_540933.fsa","251","251"
"22","A01_Oil-City-A_537130.fsa","244","244"
"23","A01_Oil-City-A_537130.fsa","257","257"
"29","A01_MS1_536251.fsa","238","238"
"30","A01_MS1_536251.fsa","242","242"
"36","A10_237-2_537202.fsa","238","238"
"37","A10_237-2_537202.fsa","242","242"
"43","A10_ALL20_536323.fsa","240","240"
"44","A10_ALL20_536323.fsa","269","269"
"50","A11_WI94_537210.fsa","257","257"
"51","A11_WI94_537210.fsa","265","265"
"57","A02_ALL8_537138.fsa","242","242"
"58","A02_ALL8_537138.fsa","255","255"
"64","A02_MS9_536259.fsa","234","234"
"65","A02_MS9_536259.fsa","263","263"
"71","A03_ALL17_537146.fsa","244","244"
"72","A03_ALL17_537146.fsa","259","259"
"78","A03_MS17_536267.fsa","232","232"
"79","A03_MS17_536267.fsa","249","249"
"85","A04_MS25_536275.fsa","240","240"
"86","A04_MS25_536275.fsa","249","249"
"92","A04_Chip-07_537154.fsa","223","223"
"93","A04_Chip-07_537154.fsa","259","259"
"99","A05_Chip-15_537162.fsa","242","242"
"100","A05_Chip-15_537162.fsa","246","246"
"106","A05_MS33_536283.fsa","244","244"
"112","A06_MS41_536291.fsa","249","249"
"113","A06_MS41_536291.fsa","253","253"
"119","A06_m-07-01_537170.fsa","255","255"
"120","A06_m-07-01_537170.fsa","259","259"
"126","A07_INHS-16244_537178.fsa","242","242"
"127","A07_INHS-16244_537178.fsa","244","244"
"133","A07_PBH-5A_536299.fsa","242","242"
"134","A07_PBH-5A_536299.fsa","255","255"
"140","A08_UAUC3157_537186.fsa","234","234"
"141","A08_UAUC3157_537186.fsa","249","249"
"147","A08_PMC-7_536307.fsa","244","244"
"148","A08_PMC-7_536307.fsa","249","249"
"154","A09_BEF-07212-03_537194.fsa","242","242"
"155","A09_BEF-07212-03_537194.fsa","259","259"
"161","A09_PMX-5_536315.fsa","242","242"
"162","A09_PMX-5_536315.fsa","249","249"
"168","B01_MS2_536252.fsa","246","246"
"169","B01_MS2_536252.fsa","257","257"
"180","B01_Oil-City-B-_537131.fsa","244","244"
"181","B01_Oil-City-B-_537131.fsa","263","263"
"187","B10_WV1_536324.fsa","257","257"
"188","B10_WV1_536324.fsa","261","261"
"194","B10_237-3_537203.fsa","238","238"
"195","B10_237-3_537203.fsa","242","242"
"201","B11_WI95_537211.fsa","242","242"
"202","B11_WI95_537211.fsa","244","244"
"208","B02_ALL9_537139.fsa","255","255"
"209","B02_ALL9_537139.fsa","261","261"
"215","B02_MS10_536260.fsa","232","232"
"216","B02_MS10_536260.fsa","251","251"
"222","B03_ALL18_537147.fsa","244","244"
"223","B03_ALL18_537147.fsa","261","261"
"229","B03_MS18_536268.fsa","242","242"
"230","B03_MS18_536268.fsa","249","249"
"236","B04_Chip-08_537155.fsa","240","240"
"237","B04_Chip-08_537155.fsa","263","263"
"243","B04_MS26_536276.fsa","253","253"
"244","B04_MS26_536276.fsa","259","259"
"250","B05_Chip-16_537163.fsa","223","223"
"251","B05_Chip-16_537163.fsa","242","242"
"257","B05_MS34_536284.fsa","242","242"
"258","B05_MS34_536284.fsa","249","249"
"264","B06_m-07-03_537171.fsa","251","251"
"265","B06_m-07-03_537171.fsa","255","255"
"271","B06_MS42_536292.fsa","242","242"
"272","B06_MS42_536292.fsa","244","244"
"283","B07_PMC-1_536300.fsa","246","246"
"284","B07_PMC-1_536300.fsa","263","263"
"290","B08_PMC-8_536308.fsa","249","249"
"296","B08_C219_537187.fsa","238","238"
"297","B08_C219_537187.fsa","242","242"
"303","B09_BEF-07212-05_537195.fsa","253","253"
"304","B09_BEF-07212-05_537195.fsa","255","255"
"310","B09_MER2_536316.fsa","246","246"
"311","B09_MER2_536316.fsa","267","267"
"317","C01_ALL1_537132.fsa","244","244"
"318","C01_ALL1_537132.fsa","246","246"
"324","C01_INHS-16244_540935.fsa","242","242"
"330","C01_MS3_536253.fsa","240","240"
"331","C01_MS3_536253.fsa","261","261"
"337","C10_238-1_537204.fsa","240","240"
"338","C10_238-1_537204.fsa","253","253"
"344","C11_INHS-30476_537212.fsa","253","253"
"345","C11_INHS-30476_537212.fsa","259","259"
"351","C02_ALL10_537140.fsa","242","242"
"357","C02_MS11_536261.fsa","242","242"
"358","C02_MS11_536261.fsa","255","255"
"364","C03_ALL19_537148.fsa","244","244"
"365","C03_ALL19_537148.fsa","253","253"
"371","C03_MS19_536269.fsa","242","242"
"372","C03_MS19_536269.fsa","257","257"
"378","C04_MS27_536277.fsa","240","240"
"379","C04_MS27_536277.fsa","261","261"
"385","C04_Chip-09_537156.fsa","240","240"
"386","C04_Chip-09_537156.fsa","253","253"
"392","C05_Chip-17_537164.fsa","242","242"
"393","C05_Chip-17_537164.fsa","251","251"
"399","C05_MS35_536285.fsa","242","242"
"400","C05_MS35_536285.fsa","255","255"
"406","C06_m-07-04_537172.fsa","249","249"
"407","C06_m-07-04_537172.fsa","251","251"
"413","C06_MS43_536293.fsa","232","232"
"414","C06_MS43_536293.fsa","249","249"
"420","C07_INHS-25558_537180.fsa","246","246"
"426","C07_PMC-2_536301.fsa","251","251"
"427","C07_PMC-2_536301.fsa","259","259"
"433","C08_PMC-9_536309.fsa","240","240"
"434","C08_PMC-9_536309.fsa","242","242"
"440","C08_C041_537188.fsa","251","251"
"446","C09_130-1_537196.fsa","242","242"
"447","C09_130-1_537196.fsa","259","259"
"453","C09_Chip6_536317.fsa","240","240"
"454","C09_Chip6_536317.fsa","257","257"
"460","D01_ALL2_537133.fsa","242","242"
"461","D01_ALL2_537133.fsa","244","244"
"467","D01_MS4_536254.fsa","255","255"
"468","D01_MS4_536254.fsa","257","257"
"479","D10_238-2_537205.fsa","232","232"
"480","D10_238-2_537205.fsa","259","259"
"486","D11_Chip19_537213_reamp.fsa","251","251"
"487","D11_Chip19_537213_reamp.fsa","255","255"
"493","D02_ALL12_537141.fsa","242","242"
"494","D02_ALL12_537141.fsa","253","253"
"500","D02_MS12_536262.fsa","246","246"
"501","D02_MS12_536262.fsa","249","249"
"507","D03_Chip-01_537149.fsa","244","244"
"508","D03_Chip-01_537149.fsa","251","251"
"514","D03_MS20_536270.fsa","234","234"
"515","D03_MS20_536270.fsa","249","249"
"521","D04_Chip-10_537157.fsa","257","257"
"522","D04_Chip-10_537157.fsa","259","259"
"528","D04_MS28_536278.fsa","240","240"
"529","D04_MS28_536278.fsa","244","244"
"535","D05_Chip-18_537165.fsa","259","259"
"536","D05_Chip-18_537165.fsa","261","261"
"542","D05_MS36_536286.fsa","249","249"
"548","D06_m-07-05_537173.fsa","242","242"
"549","D06_m-07-05_537173.fsa","271","271"
"555","D06_MS44_536294.fsa","255","255"
"556","D06_MS44_536294.fsa","261","261"
"562","D07_A1_537181.fsa","242","242"
"563","D07_A1_537181.fsa","263","263"
"569","D07_PMC-3_536302.fsa","244","244"
"570","D07_PMC-3_536302.fsa","263","263"
"576","D08_C033_537189.fsa","238","238"
"577","D08_C033_537189.fsa","249","249"
"583","D08_PMC-10_536310.fsa","253","253"
"584","D08_PMC-10_536310.fsa","263","263"
"595","D09_130-2_537197.fsa","244","244"
"596","D09_130-2_537197.fsa","253","253"
"602","E01_ALL3_537134.fsa","244","244"
"613","E01_MS5_536255.fsa","232","232"
"614","E01_MS5_536255.fsa","255","255"
"620","E10_238-3_537206.fsa","249","249"
"621","E10_238-3_537206.fsa","259","259"
"627","E02_ALL13_537142.fsa","242","242"
"628","E02_ALL13_537142.fsa","259","259"
"634","E02_MS13_536263.fsa","223","223"
"635","E02_MS13_536263.fsa","238","238"
"641","E03_Chip-02_537150.fsa","244","244"
"642","E03_Chip-02_537150.fsa","251","251"
"648","E03_MS21_536271.fsa","240","240"
"649","E03_MS21_536271.fsa","261","261"
"655","E04_MS29_536279.fsa","240","240"
"656","E04_MS29_536279.fsa","267","267"
"662","E04_Chip-11_537158.fsa","242","242"
"663","E04_Chip-11_537158.fsa","257","257"
"669","E05_MS37_536287.fsa","232","232"
"670","E05_MS37_536287.fsa","261","261"
"676","E05_Chip-20_537166.fsa","223","223"
"677","E05_Chip-20_537166.fsa","259","259"
"683","E06_PBH-1A_536295.fsa","234","234"
"690","E06_m-07-06_537174.fsa","249","249"
"691","E06_m-07-06_537174.fsa","257","257"
"697","E07_A2_537182.fsa","242","242"
"698","E07_A2_537182.fsa","244","244"
"704","E07_PMC-4_536303.fsa","238","238"
"705","E07_PMC-4_536303.fsa","251","251"
"711","E08_C024_537190.fsa","242","242"
"712","E08_C024_537190.fsa","253","253"
"718","E08_PMX-1_536311.fsa","249","249"
"719","E08_PMX-1_536311.fsa","267","267"
"725","E09_130-3_537198.fsa","255","255"
"726","E09_130-3_537198.fsa","261","261"
"732","E09_TIPP4_536319.fsa","242","242"
"733","E09_TIPP4_536319.fsa","261","261"
"739","F01_ALL5_537135.fsa","244","244"
"740","F01_ALL5_537135.fsa","251","251"
"746","F01_MS6_536256.fsa","240","240"
"747","F01_MS6_536256.fsa","249","249"
"753","F10_238-4_537207.fsa","244","244"
"754","F10_238-4_537207.fsa","246","246"
"760","F02_MS14_536264.fsa","232","232"
"761","F02_MS14_536264.fsa","236","236"
"767","F02_ALL14_537143.fsa","242","242"
"768","F02_ALL14_537143.fsa","269","269"
"774","F03_Chip-03_537151.fsa","246","246"
"775","F03_Chip-03_537151.fsa","259","259"
"781","F03_MS22_536272.fsa","249","249"
"782","F03_MS22_536272.fsa","261","261"
"788","F04_Chip-12_537159.fsa","240","240"
"789","F04_Chip-12_537159.fsa","251","251"
"795","F04_MS30_536280.fsa","244","244"
"796","F04_MS30_536280.fsa","261","261"
"802","F05_Chip-21_537167.fsa","251","251"
"803","F05_Chip-21_537167.fsa","259","259"
"809","F05_MS38_536288.fsa","249","249"
"810","F05_MS38_536288.fsa","259","259"
"816","F06_m-07-07_537175.fsa","257","257"
"822","F06_PBH-2A_536296.fsa","234","234"
"823","F06_PBH-2A_536296.fsa","246","246"
"829","F07_INHS-6271_537183.fsa","232","232"
"830","F07_INHS-6271_537183.fsa","246","246"
"836","F07_PMC-5_536304.fsa","242","242"
"837","F07_PMC-5_536304.fsa","249","249"
"843","F08_INHS-3531_537191.fsa","267","267"
"844","F08_INHS-3531_537191.fsa","269","269"
"850","F08_PMX-2_536312.fsa","249","249"
"851","F08_PMX-2_536312.fsa","251","251"
"857","F09_236-1_537199.fsa","242","242"
"858","F09_236-1_537199.fsa","251","251"
"864","F09_TIPP6_536320.fsa","249","249"
"865","F09_TIPP6_536320.fsa","251","251"
"871","G01_ALL6_537136.fsa","253","253"
"872","G01_ALL6_537136.fsa","268","268"
"878","G01_MS7_536257.fsa","232","232"
"879","G01_MS7_536257.fsa","249","249"
"885","G10_WI92_537208.fsa","244","244"
"886","G10_WI92_537208.fsa","246","246"
"892","G02_MS15_536265.fsa","242","242"
"893","G02_MS15_536265.fsa","263","263"
"899","G02_ALL15_537144.fsa","242","242"
"900","G02_ALL15_537144.fsa","242","242"
"906","G03_Chip-04_537152.fsa","232","232"
"907","G03_Chip-04_537152.fsa","251","251"
"913","G03_MS23_536273.fsa","240","240"
"914","G03_MS23_536273.fsa","242","242"
"920","G04_Chip-13_537160.fsa","249","249"
"921","G04_Chip-13_537160.fsa","257","257"
"927","G04_MS31_536281.fsa","232","232"
"928","G04_MS31_536281.fsa","253","253"
"934","G05_Meramec-A_537168.fsa","251","251"
"935","G05_Meramec-A_537168.fsa","263","263"
"941","G05_MS39_536289.fsa","257","257"
"942","G05_MS39_536289.fsa","265","265"
"948","G06_INHS-9470_537176.fsa","234","234"
"949","G06_INHS-9470_537176.fsa","253","253"
"955","G06_PBH-3A_536297.fsa","234","234"
"956","G06_PBH-3A_536297.fsa","236","236"
"962","G07_PMC-6_536305.fsa","244","244"
"963","G07_PMC-6_536305.fsa","261","261"
"969","G07_Pcyph-TN-1_537184.fsa","249","249"
"970","G07_Pcyph-TN-1_537184.fsa","253","253"
"976","G08_BEF-07212-01_537192.fsa","244","244"
"982","G08_PMX-3_536313.fsa","244","244"
"983","G08_PMX-3_536313.fsa","265","265"
"989","G09_236-2_537200.fsa","242","242"
"990","G09_236-2_537200.fsa","251","251"
"996","G09_TN8_536321.fsa","234","234"
"997","G09_TN8_536321.fsa","255","255"
"1003","H01_ALL7_537137.fsa","244","244"
"1009","H01_MS8_536258.fsa","234","234"
"1010","H01_MS8_536258.fsa","249","249"
"1016","H10_WI93_537209.fsa","251","251"
"1017","H10_WI93_537209.fsa","263","263"
"1023","H02_ALL16_537145.fsa","253","253"
"1024","H02_ALL16_537145.fsa","259","259"
"1030","H02_MS16_536266.fsa","223","223"
"1031","H02_MS16_536266.fsa","249","249"
"1037","H03_Chip-05_537153.fsa","255","OL"
"1043","H03_MS24_536274.fsa","244","244"
"1044","H03_MS24_536274.fsa","255","255"
"1050","H04_MS32_536282.fsa","253","253"
"1051","H04_MS32_536282.fsa","261","261"
"1057","H04_Chip-14_537161.fsa","232","232"
"1058","H04_Chip-14_537161.fsa","249","249"
"1064","H05_Meramec-B_537169.fsa","251","251"
"1065","H05_Meramec-B_537169.fsa","261","261"
"1071","H05_MS40_536290.fsa","244","244"
"1072","H05_MS40_536290.fsa","263","263"
"1083","H06_PBH-4A_536298.fsa","244","244"
"1084","H06_PBH-4A_536298.fsa","246","246"
"1090","H07_Pcyph-TN-2_537185.fsa","240","240"
"1096","H07_ALL11_536306.fsa","242","242"
"1102","H08_BEF-07212-02_537193.fsa","244","244"
"1103","H08_BEF-07212-02_537193.fsa","251","251"
"1109","H08_PMX-4_536314.fsa","234","234"
"1110","H08_PMX-4_536314.fsa","261","261"
"1116","H09_237-1_537201.fsa","242","242"
"1117","H09_237-1_537201.fsa","251","251"
"1123","H09_ALL4_536322.fsa","242","242"
